age,cps_data,Current parameters,Calibrated parameters,chi_n_Current parameters,chi_n_Calibrated parameters
20,0.17229337769080316,0.3860481280884224,0.18357542538326221,38.12000874,535.1714874824348
21,0.1951859390395307,0.3687572929987068,0.1932853491084435,33.22762421,387.0101510824725
22,0.21289005660104734,0.39857167040859426,0.21653481157951043,25.3484224,260.2299843114041
23,0.24206056157151987,0.37767407615330517,0.2406185841964322,26.67954008,182.605606531273
24,0.26744136496525867,0.3870058185989488,0.2648804321475915,24.41097278,134.23900876052844
25,0.2856736589319131,0.3915154543704293,0.2809414464008988,23.15059004,109.83604995512862
26,0.2902368689328331,0.39210464902170544,0.28944598850277814,22.46771332,96.91605355532529
27,0.2929433496854971,0.3917071995849398,0.29276960971670757,21.85495452,88.9605415106691
28,0.29562600618036233,0.38921038622568704,0.2963005768351534,21.46242013,81.48734254906776
29,0.30081024610306933,0.37945992159595304,0.2979607598659128,22.00364263,76.28713009388571
30,0.2979044739629512,0.3801573923414217,0.3007366990710801,21.57322063,72.17673693612689
31,0.3039391809247278,0.3795444554808807,0.30087434782468614,21.53371545,70.88966270527855
32,0.30121007976299863,0.38194717107824905,0.3024501693838986,21.29828515,69.91839846153277
33,0.30262517498441327,0.3845888074974268,0.302423954430584,21.10144524,70.14656874041081
34,0.3038551988150483,0.3875357264016465,0.3026295037325157,20.8617942,70.25043301681666
35,0.3018219112017709,0.39052328566041594,0.30298992295225713,20.57282,69.98398601645239
36,0.30369993823843455,0.3913250329330895,0.30133363980895866,20.47473172,70.34484645321764
37,0.29887538828706395,0.3929270322253666,0.3002341912314821,20.31111347,70.4854416095375
38,0.29851127016278467,0.40667209454659586,0.30206136724352173,19.04137299,69.78468589860142
39,0.3091717109408103,0.41025015396103676,0.3042935786107511,18.92616951,69.53516201108901
40,0.3055650291548994,0.39690187379808467,0.30597168733364266,20.58517969,69.9335826772427
41,0.3035407831862388,0.40125014875795056,0.3072137778606674,20.48761429,70.60757245184514
42,0.31289303684627406,0.407068160256409,0.30784108494510387,20.21744847,71.44687737182265
43,0.30743944612279744,0.4123542281899664,0.3101170997527765,19.9577682,71.34571173184517
44,0.31035965255467707,0.41756446270003983,0.3079080614975963,19.66931057,73.18784186302541
45,0.30625016806407823,0.41958650384341395,0.30562709172074065,19.6878927,75.17297922462335
46,0.30057948685023417,0.4226009800481057,0.3039681994252172,19.63107201,77.06467343497943
47,0.3053666658263259,0.42522805384429047,0.3023730519665887,19.63390543,79.12174961858322
48,0.3014496138944557,0.428405235137275,0.3029380297110119,19.5901486,80.19066787842178
49,0.30226186666764115,0.4310405366432463,0.3017918449284349,19.58143606,82.17993414051962
50,0.30191468742858457,0.4333453275779595,0.30480050820888743,19.58005578,81.99712961036187
51,0.31046468630060603,0.43520248920335053,0.30136707342980945,19.59073213,85.2798389708381
52,0.2919462138798718,0.4369666123210732,0.2991863756334332,19.60190899,88.10843679099543
53,0.29535849048890483,0.4388341768272846,0.292497088485013,19.60001831,93.94076529219782
54,0.29038194381460436,0.41960019530849474,0.2897993556662074,21.67763741,97.78210642085335
55,0.28384329311709683,0.4207978331492148,0.28801939263521154,21.70451784,101.33717338104303
56,0.29001259179165434,0.42059947522737523,0.281951789757588,21.85430468,108.25989022223135
57,0.27217374158450897,0.4204467938995118,0.2756879698141904,21.97291208,116.0039380531195
58,0.26504860159907667,0.421221582856327,0.2655754284867444,21.97017228,127.9351921941167
59,0.2596712231643482,0.41907568066572776,0.2551866542670097,22.25518398,141.7382752732502
60,0.2410044998662017,0.41764163140927285,0.24413010086554793,22.43969757,158.2400956140734
61,0.23187614152087405,0.41050850944235845,0.23026210484506834,23.21870602,181.2371241721913
62,0.21806267364236812,0.4016578741443712,0.21556775939456674,24.18334822,210.12569043893828
63,0.19691584607919285,0.39384073059180297,0.19907501829815066,24.97772026,249.27539734698527
64,0.18238999049520807,0.38098358275763616,0.17989790113359702,26.37663164,306.8149576625542
65,0.16051967504628376,0.3579384084638448,0.15842245908337058,29.65075992,397.3035362211498
66,0.13247762092170826,0.3523286319384168,0.13521501750360912,30.46944758,545.7247611507198
67,0.11275422202776327,0.34601252918517306,0.11369938447773778,31.51634777,770.4080441381594
68,0.09595968635225442,0.33717651075052124,0.10040957770699471,33.13353793,991.9281837026812
69,0.09260085389783922,0.33839642543103227,0.08921089740784972,32.89186997,1261.4846041494607
70,0.07915188463786778,0.31379214749408985,0.07934192963066122,38.07083882,1599.2350979293458
71,0.06634698816649573,0.3083717074044103,0.06798037025115185,39.2992811,2169.628151216278
72,0.05850823671327582,0.30474453171652405,0.05959712680177446,40.07987878,2815.931028125064
73,0.0539963564275744,0.32510236930449476,0.05460378945558945,35.19951571,3360.9320068457096
74,0.05136406931743814,0.32043753415432463,0.04892116408545947,35.97943562,4173.399237057143
75,0.04145630103826784,0.3144126394480373,0.042455975876262826,37.05601334,5486.271787819395
76,0.03459538284003425,0.31141561405888624,0.0388341127383297,37.42979341,6525.916841138703
77,0.04049583460618028,0.30779817538086346,0.03746782273914602,37.91576867,7012.79603280365
78,0.037357154768129994,0.3031138360096969,0.03777899926216646,38.62775142,6925.732213674185
79,0.03553052527137181,0.2976898082963595,0.036428518631761435,39.4885405,7411.731485178616
80,,0.30569229840537304,0.036408317248976405,37.10609921,7411.731485178616
81,,0.2921392306478586,0.036367637234099554,40.03988031,7411.731485178616
82,,0.28746232233127966,0.0363108865630609,40.86564363,7411.731485178616
83,,0.2827629981926129,0.03623357712948641,41.73645892,7411.731485178616
84,,0.2781022929336998,0.03613176899443271,42.6208256,7411.731485178616
85,,0.27390821299695967,0.03600245332020441,43.37786072,7411.731485178616
86,,0.2657606243425934,0.03584185645776376,45.38166073,7411.731485178616
87,,0.2612770215135774,0.03564496106193843,46.22395387,7411.731485178616
88,,0.24808810567114378,0.03541172759142809,50.21419653,7411.731485178616
89,,0.24375890395154304,0.03514550975781939,51.05246704,7411.731485178616
90,,0.2346831604704087,0.03484617876652657,53.86896121,7411.731485178616
91,,0.2321256305018511,0.03450718961462329,53.90029708,7411.731485178616
92,,0.21336893620111408,0.0341334606819151,61.83586775,7411.731485178616
93,,0.20545310086306187,0.03372421597999474,64.87563699,7411.731485178616
94,,0.1994503150801337,0.033278213872113674,66.91207845,7411.731485178616
95,,0.19487170574878712,0.03279318382829474,68.07449767,7411.731485178616
96,,0.18740328135937168,0.03226846719773055,71.27919965,7411.731485178616
97,,0.18164857406074275,0.0317072401700872,73.57195873,7411.731485178616
98,,0.17769574461385687,0.031131702856443705,74.95045988,7411.731485178616
99,,0.17476900752245542,0.030625627644061064,76.6230815,7411.731485178616
